[{"model": "admin.logentry", "pk": 1, "fields": {"action_time": "2021-07-23T06:10:20.931Z", "user": 1, "content_type": 8, "object_id": "2", "object_repr": "ram", "action_flag": 1, "change_message": "[{\"added\": {}}]"}}, {"model": "admin.logentry", "pk": 2, "fields": {"action_time": "2021-07-23T06:10:55.651Z", "user": 1, "content_type": 8, "object_id": "2", "object_repr": "ram", "action_flag": 2, "change_message": "[{\"changed\": {\"fields\": [\"First name\", \"Last name\"]}}]"}}, {"model": "admin.logentry", "pk": 3, "fields": {"action_time": "2021-07-23T06:17:29.831Z", "user": 1, "content_type": 8, "object_id": "2", "object_repr": "ram", "action_flag": 2, "change_message": "[{\"changed\": {\"fields\": [\"Role\"]}}]"}}, {"model": "admin.logentry", "pk": 4, "fields": {"action_time": "2021-07-23T06:18:48.096Z", "user": 1, "content_type": 8, "object_id": "2", "object_repr": "ram", "action_flag": 2, "change_message": "[{\"changed\": {\"fields\": [\"Email\"]}}]"}}, {"model": "admin.logentry", "pk": 5, "fields": {"action_time": "2021-07-23T06:19:00.121Z", "user": 1, "content_type": 8, "object_id": "3", "object_repr": "Shyam", "action_flag": 1, "change_message": "[{\"added\": {}}]"}}, {"model": "admin.logentry", "pk": 6, "fields": {"action_time": "2021-07-23T06:19:18.254Z", "user": 1, "content_type": 8, "object_id": "3", "object_repr": "Shyam", "action_flag": 2, "change_message": "[{\"changed\": {\"fields\": [\"First name\", \"Last name\", \"Email\", \"Role\"]}}]"}}, {"model": "admin.logentry", "pk": 7, "fields": {"action_time": "2021-07-23T06:19:31.010Z", "user": 1, "content_type": 8, "object_id": "4", "object_repr": "Hari", "action_flag": 1, "change_message": "[{\"added\": {}}]"}}, {"model": "admin.logentry", "pk": 8, "fields": {"action_time": "2021-07-23T06:19:47.701Z", "user": 1, "content_type": 8, "object_id": "4", "object_repr": "Hari", "action_flag": 2, "change_message": "[{\"changed\": {\"fields\": [\"First name\", \"Last name\", \"Email\", \"Role\"]}}]"}}, {"model": "admin.logentry", "pk": 9, "fields": {"action_time": "2021-07-23T06:51:24.301Z", "user": 1, "content_type": 11, "object_id": "1", "object_repr": "Player object (1)", "action_flag": 1, "change_message": "[{\"added\": {}}]"}}, {"model": "admin.logentry", "pk": 10, "fields": {"action_time": "2021-07-23T06:52:02.516Z", "user": 1, "content_type": 11, "object_id": "1", "object_repr": "Player object (1)", "action_flag": 2, "change_message": "[{\"changed\": {\"fields\": [\"User\"]}}]"}}, {"model": "admin.logentry", "pk": 11, "fields": {"action_time": "2021-07-23T10:18:57.684Z", "user": 1, "content_type": 11, "object_id": "2", "object_repr": "Player object (2)", "action_flag": 1, "change_message": "[{\"added\": {}}]"}}, {"model": "admin.logentry", "pk": 12, "fields": {"action_time": "2021-07-23T10:19:15.506Z", "user": 1, "content_type": 9, "object_id": "1", "object_repr": "Coach object (1)", "action_flag": 1, "change_message": "[{\"added\": {}}]"}}, {"model": "admin.logentry", "pk": 13, "fields": {"action_time": "2021-07-23T10:20:12.774Z", "user": 1, "content_type": 8, "object_id": "5", "object_repr": "john", "action_flag": 1, "change_message": "[{\"added\": {}}]"}}, {"model": "admin.logentry", "pk": 14, "fields": {"action_time": "2021-07-23T10:20:26.436Z", "user": 1, "content_type": 8, "object_id": "5", "object_repr": "john", "action_flag": 2, "change_message": "[{\"changed\": {\"fields\": [\"First name\", \"Last name\", \"Email\", \"Role\"]}}]"}}, {"model": "admin.logentry", "pk": 15, "fields": {"action_time": "2021-07-23T10:23:37.547Z", "user": 1, "content_type": 8, "object_id": "5", "object_repr": "john", "action_flag": 2, "change_message": "[]"}}, {"model": "admin.logentry", "pk": 16, "fields": {"action_time": "2021-07-23T10:24:15.326Z", "user": 1, "content_type": 8, "object_id": "6", "object_repr": "harry", "action_flag": 1, "change_message": "[{\"added\": {}}]"}}, {"model": "admin.logentry", "pk": 17, "fields": {"action_time": "2021-07-23T10:30:20.678Z", "user": 1, "content_type": 8, "object_id": "6", "object_repr": "harry", "action_flag": 3, "change_message": ""}}, {"model": "admin.logentry", "pk": 18, "fields": {"action_time": "2021-07-23T10:30:37.342Z", "user": 1, "content_type": 8, "object_id": "7", "object_repr": "harry", "action_flag": 1, "change_message": "[{\"added\": {}}]"}}, {"model": "admin.logentry", "pk": 19, "fields": {"action_time": "2021-07-23T10:30:55.592Z", "user": 1, "content_type": 8, "object_id": "7", "object_repr": "harry", "action_flag": 2, "change_message": "[{\"changed\": {\"fields\": [\"First name\", \"Last name\", \"Email\", \"Role\"]}}]"}}, {"model": "admin.logentry", "pk": 20, "fields": {"action_time": "2021-07-23T10:31:44.904Z", "user": 1, "content_type": 8, "object_id": "8", "object_repr": "richard", "action_flag": 1, "change_message": "[{\"added\": {}}]"}}, {"model": "admin.logentry", "pk": 21, "fields": {"action_time": "2021-07-23T10:32:04.037Z", "user": 1, "content_type": 8, "object_id": "8", "object_repr": "richard", "action_flag": 2, "change_message": "[{\"changed\": {\"fields\": [\"First name\", \"Last name\", \"Email\", \"Role\"]}}]"}}, {"model": "admin.logentry", "pk": 22, "fields": {"action_time": "2021-07-23T10:32:28.342Z", "user": 1, "content_type": 12, "object_id": "2", "object_repr": "LeagueAdmin object (2)", "action_flag": 3, "change_message": ""}}, {"model": "admin.logentry", "pk": 23, "fields": {"action_time": "2021-07-23T11:30:16.295Z", "user": 1, "content_type": 7, "object_id": "4", "object_repr": "72d6719fca9d778ebcf5cb87db6f0a03b2d24c81", "action_flag": 1, "change_message": "[{\"added\": {}}]"}}, {"model": "admin.logentry", "pk": 24, "fields": {"action_time": "2021-07-23T11:30:41.582Z", "user": 1, "content_type": 7, "object_id": "3", "object_repr": "9eb26694097c79425147c2f695a975ab9ce9556c", "action_flag": 1, "change_message": "[{\"added\": {}}]"}}, {"model": "admin.logentry", "pk": 25, "fields": {"action_time": "2021-07-23T11:30:47.490Z", "user": 1, "content_type": 7, "object_id": "1", "object_repr": "3a6b79c839f8bb2695f41e6d83a2634d33e6e50c", "action_flag": 1, "change_message": "[{\"added\": {}}]"}}, {"model": "admin.logentry", "pk": 26, "fields": {"action_time": "2021-07-23T11:30:56.769Z", "user": 1, "content_type": 7, "object_id": "7", "object_repr": "5d2be21e8db18b7791102ecc6e498758d35be269", "action_flag": 1, "change_message": "[{\"added\": {}}]"}}, {"model": "admin.logentry", "pk": 27, "fields": {"action_time": "2021-07-23T11:31:04.201Z", "user": 1, "content_type": 7, "object_id": "5", "object_repr": "84a16f0bf23d7dc8322d225ec5fd1d0136964c8d", "action_flag": 1, "change_message": "[{\"added\": {}}]"}}, {"model": "admin.logentry", "pk": 28, "fields": {"action_time": "2021-07-23T11:31:08.963Z", "user": 1, "content_type": 7, "object_id": "2", "object_repr": "3fd5ce320b3544622ce24f07cc4e58e3e7095bd7", "action_flag": 1, "change_message": "[{\"added\": {}}]"}}, {"model": "admin.logentry", "pk": 29, "fields": {"action_time": "2021-07-23T11:31:13.248Z", "user": 1, "content_type": 7, "object_id": "8", "object_repr": "381be2e5077190d0dcdffc543253f7391d899fc3", "action_flag": 1, "change_message": "[{\"added\": {}}]"}}, {"model": "admin.logentry", "pk": 30, "fields": {"action_time": "2021-07-23T11:37:08.349Z", "user": 1, "content_type": 8, "object_id": "4", "object_repr": "hari", "action_flag": 2, "change_message": "[{\"changed\": {\"fields\": [\"Username\"]}}]"}}, {"model": "admin.logentry", "pk": 31, "fields": {"action_time": "2021-07-23T11:37:14.490Z", "user": 1, "content_type": 8, "object_id": "3", "object_repr": "shyam", "action_flag": 2, "change_message": "[{\"changed\": {\"fields\": [\"Username\"]}}]"}}, {"model": "admin.logentry", "pk": 32, "fields": {"action_time": "2021-07-23T13:11:54.540Z", "user": 1, "content_type": 8, "object_id": "9", "object_repr": "coach3", "action_flag": 1, "change_message": "[{\"added\": {}}]"}}, {"model": "admin.logentry", "pk": 33, "fields": {"action_time": "2021-07-23T13:12:02.414Z", "user": 1, "content_type": 8, "object_id": "9", "object_repr": "coach3", "action_flag": 2, "change_message": "[{\"changed\": {\"fields\": [\"Role\"]}}]"}}, {"model": "admin.logentry", "pk": 34, "fields": {"action_time": "2021-07-23T13:13:16.789Z", "user": 1, "content_type": 10, "object_id": "1", "object_repr": "Team object (1)", "action_flag": 1, "change_message": "[{\"added\": {}}]"}}, {"model": "admin.logentry", "pk": 35, "fields": {"action_time": "2021-07-23T13:27:39.600Z", "user": 1, "content_type": 7, "object_id": "9", "object_repr": "7c48b925094904fba0518fbe2c86022fc4ca36c0", "action_flag": 1, "change_message": "[{\"added\": {}}]"}}, {"model": "admin.logentry", "pk": 36, "fields": {"action_time": "2021-07-23T14:05:35.863Z", "user": 1, "content_type": 8, "object_id": "10", "object_repr": "coach4", "action_flag": 1, "change_message": "[{\"added\": {}}]"}}, {"model": "admin.logentry", "pk": 37, "fields": {"action_time": "2021-07-23T14:05:45.414Z", "user": 1, "content_type": 8, "object_id": "10", "object_repr": "coach4", "action_flag": 2, "change_message": "[{\"changed\": {\"fields\": [\"Role\"]}}]"}}, {"model": "admin.logentry", "pk": 38, "fields": {"action_time": "2021-07-23T14:06:18.913Z", "user": 1, "content_type": 7, "object_id": "10", "object_repr": "25da6182947cc2052fdb649b6daeec567a82835d", "action_flag": 1, "change_message": "[{\"added\": {}}]"}}, {"model": "admin.logentry", "pk": 39, "fields": {"action_time": "2021-07-23T14:06:57.783Z", "user": 1, "content_type": 8, "object_id": "2", "object_repr": "player1", "action_flag": 2, "change_message": "[{\"changed\": {\"fields\": [\"First name\", \"Last name\", \"Username\", \"Email\"]}}]"}}, {"model": "admin.logentry", "pk": 40, "fields": {"action_time": "2021-07-23T14:07:24.750Z", "user": 1, "content_type": 8, "object_id": "3", "object_repr": "player2", "action_flag": 2, "change_message": "[{\"changed\": {\"fields\": [\"First name\", \"Last name\", \"Username\", \"Email\"]}}]"}}, {"model": "admin.logentry", "pk": 41, "fields": {"action_time": "2021-07-23T14:08:04.685Z", "user": 1, "content_type": 8, "object_id": "5", "object_repr": "player3", "action_flag": 2, "change_message": "[{\"changed\": {\"fields\": [\"First name\", \"Last name\", \"Username\", \"Email\"]}}]"}}, {"model": "admin.logentry", "pk": 42, "fields": {"action_time": "2021-07-23T14:08:28.930Z", "user": 1, "content_type": 8, "object_id": "4", "object_repr": "coach1", "action_flag": 2, "change_message": "[{\"changed\": {\"fields\": [\"First name\", \"Last name\", \"Username\", \"Email\"]}}]"}}, {"model": "admin.logentry", "pk": 43, "fields": {"action_time": "2021-07-23T14:09:06.975Z", "user": 1, "content_type": 8, "object_id": "7", "object_repr": "coach2", "action_flag": 2, "change_message": "[{\"changed\": {\"fields\": [\"First name\", \"Last name\", \"Username\", \"Email\"]}}]"}}, {"model": "admin.logentry", "pk": 44, "fields": {"action_time": "2021-07-23T14:09:55.869Z", "user": 1, "content_type": 8, "object_id": "8", "object_repr": "leagueadmin", "action_flag": 2, "change_message": "[{\"changed\": {\"fields\": [\"First name\", \"Last name\", \"Username\", \"Email\"]}}]"}}, {"model": "admin.logentry", "pk": 45, "fields": {"action_time": "2021-07-23T23:46:27.622Z", "user": 1, "content_type": 8, "object_id": "11", "object_repr": "player4", "action_flag": 1, "change_message": "[{\"added\": {}}]"}}, {"model": "admin.logentry", "pk": 46, "fields": {"action_time": "2021-07-23T23:47:05.597Z", "user": 1, "content_type": 8, "object_id": "11", "object_repr": "player4", "action_flag": 2, "change_message": "[{\"changed\": {\"fields\": [\"Role\"]}}]"}}, {"model": "admin.logentry", "pk": 47, "fields": {"action_time": "2021-07-23T23:47:23.858Z", "user": 1, "content_type": 8, "object_id": "12", "object_repr": "player5", "action_flag": 1, "change_message": "[{\"added\": {}}]"}}, {"model": "admin.logentry", "pk": 48, "fields": {"action_time": "2021-07-23T23:47:39.786Z", "user": 1, "content_type": 8, "object_id": "12", "object_repr": "player5", "action_flag": 2, "change_message": "[{\"changed\": {\"fields\": [\"Role\"]}}]"}}, {"model": "admin.logentry", "pk": 49, "fields": {"action_time": "2021-07-23T23:48:01.211Z", "user": 1, "content_type": 8, "object_id": "13", "object_repr": "player6", "action_flag": 1, "change_message": "[{\"added\": {}}]"}}, {"model": "admin.logentry", "pk": 50, "fields": {"action_time": "2021-07-23T23:48:07.402Z", "user": 1, "content_type": 8, "object_id": "13", "object_repr": "player6", "action_flag": 2, "change_message": "[{\"changed\": {\"fields\": [\"Role\"]}}]"}}, {"model": "admin.logentry", "pk": 51, "fields": {"action_time": "2021-07-23T23:48:19.775Z", "user": 1, "content_type": 8, "object_id": "14", "object_repr": "player7", "action_flag": 1, "change_message": "[{\"added\": {}}]"}}, {"model": "admin.logentry", "pk": 52, "fields": {"action_time": "2021-07-23T23:48:26.049Z", "user": 1, "content_type": 8, "object_id": "14", "object_repr": "player7", "action_flag": 2, "change_message": "[{\"changed\": {\"fields\": [\"Role\"]}}]"}}, {"model": "admin.logentry", "pk": 53, "fields": {"action_time": "2021-07-23T23:49:02.475Z", "user": 1, "content_type": 8, "object_id": "11", "object_repr": "player4", "action_flag": 2, "change_message": "[{\"changed\": {\"fields\": [\"First name\", \"Email\"]}}]"}}, {"model": "admin.logentry", "pk": 54, "fields": {"action_time": "2021-07-23T23:49:15.630Z", "user": 1, "content_type": 8, "object_id": "12", "object_repr": "player5", "action_flag": 2, "change_message": "[{\"changed\": {\"fields\": [\"First name\", \"Email\"]}}]"}}, {"model": "admin.logentry", "pk": 55, "fields": {"action_time": "2021-07-23T23:49:32.683Z", "user": 1, "content_type": 8, "object_id": "13", "object_repr": "player6", "action_flag": 2, "change_message": "[{\"changed\": {\"fields\": [\"First name\", \"Email\"]}}]"}}, {"model": "admin.logentry", "pk": 56, "fields": {"action_time": "2021-07-23T23:49:46.662Z", "user": 1, "content_type": 8, "object_id": "14", "object_repr": "player7", "action_flag": 2, "change_message": "[{\"changed\": {\"fields\": [\"First name\", \"Email\"]}}]"}}, {"model": "admin.logentry", "pk": 57, "fields": {"action_time": "2021-07-23T23:51:13.045Z", "user": 1, "content_type": 8, "object_id": "9", "object_repr": "coach3", "action_flag": 2, "change_message": "[{\"changed\": {\"fields\": [\"First name\", \"Email\"]}}]"}}, {"model": "admin.logentry", "pk": 58, "fields": {"action_time": "2021-07-23T23:51:30.550Z", "user": 1, "content_type": 8, "object_id": "10", "object_repr": "coach4", "action_flag": 2, "change_message": "[{\"changed\": {\"fields\": [\"First name\", \"Email\"]}}]"}}, {"model": "admin.logentry", "pk": 59, "fields": {"action_time": "2021-07-23T23:53:44.749Z", "user": 1, "content_type": 8, "object_id": "15", "object_repr": "player8", "action_flag": 1, "change_message": "[{\"added\": {}}]"}}, {"model": "admin.logentry", "pk": 60, "fields": {"action_time": "2021-07-23T23:54:01.308Z", "user": 1, "content_type": 8, "object_id": "15", "object_repr": "player8", "action_flag": 2, "change_message": "[{\"changed\": {\"fields\": [\"First name\", \"Email\", \"Role\"]}}]"}}, {"model": "admin.logentry", "pk": 61, "fields": {"action_time": "2021-07-23T23:54:15.082Z", "user": 1, "content_type": 8, "object_id": "16", "object_repr": "player9", "action_flag": 1, "change_message": "[{\"added\": {}}]"}}, {"model": "admin.logentry", "pk": 62, "fields": {"action_time": "2021-07-23T23:54:28.332Z", "user": 1, "content_type": 8, "object_id": "16", "object_repr": "player9", "action_flag": 2, "change_message": "[{\"changed\": {\"fields\": [\"First name\", \"Email\", \"Role\"]}}]"}}, {"model": "admin.logentry", "pk": 63, "fields": {"action_time": "2021-07-23T23:54:49.396Z", "user": 1, "content_type": 8, "object_id": "17", "object_repr": "player10", "action_flag": 1, "change_message": "[{\"added\": {}}]"}}, {"model": "admin.logentry", "pk": 64, "fields": {"action_time": "2021-07-23T23:55:03.573Z", "user": 1, "content_type": 8, "object_id": "17", "object_repr": "player10", "action_flag": 2, "change_message": "[{\"changed\": {\"fields\": [\"First name\", \"Email\"]}}]"}}, {"model": "admin.logentry", "pk": 65, "fields": {"action_time": "2021-07-23T23:57:06.794Z", "user": 1, "content_type": 11, "object_id": "1", "object_repr": "Player object (1)", "action_flag": 2, "change_message": "[{\"changed\": {\"fields\": [\"Height\", \"Average score\", \"Number of caps\", \"Team\"]}}]"}}, {"model": "admin.logentry", "pk": 66, "fields": {"action_time": "2021-07-23T23:57:39.670Z", "user": 1, "content_type": 11, "object_id": "2", "object_repr": "Player object (2)", "action_flag": 2, "change_message": "[{\"changed\": {\"fields\": [\"Height\", \"Average score\", \"Number of caps\", \"Team\"]}}]"}}, {"model": "admin.logentry", "pk": 67, "fields": {"action_time": "2021-07-23T23:57:55.649Z", "user": 1, "content_type": 8, "object_id": "17", "object_repr": "player10", "action_flag": 2, "change_message": "[{\"changed\": {\"fields\": [\"Role\"]}}]"}}, {"model": "admin.logentry", "pk": 68, "fields": {"action_time": "2021-07-24T05:52:36.426Z", "user": 1, "content_type": 8, "object_id": "4", "object_repr": "coach1", "action_flag": 2, "change_message": "[]"}}, {"model": "admin.logentry", "pk": 69, "fields": {"action_time": "2021-07-24T06:23:52.582Z", "user": 1, "content_type": 15, "object_id": "1", "object_repr": "Usage object (1)", "action_flag": 3, "change_message": ""}}, {"model": "admin.logentry", "pk": 70, "fields": {"action_time": "2021-07-24T06:39:15.197Z", "user": 1, "content_type": 15, "object_id": "2", "object_repr": "Usage object (2)", "action_flag": 3, "change_message": ""}}, {"model": "admin.logentry", "pk": 71, "fields": {"action_time": "2021-07-24T06:43:08.547Z", "user": 1, "content_type": 8, "object_id": "1", "object_repr": "bhawan", "action_flag": 2, "change_message": "[]"}}, {"model": "admin.logentry", "pk": 72, "fields": {"action_time": "2021-07-24T07:07:50.954Z", "user": 1, "content_type": 15, "object_id": "3", "object_repr": "Usage object (3)", "action_flag": 3, "change_message": ""}}, {"model": "admin.logentry", "pk": 73, "fields": {"action_time": "2021-07-24T07:08:14.135Z", "user": 1, "content_type": 15, "object_id": "4", "object_repr": "Usage object (4)", "action_flag": 3, "change_message": ""}}, {"model": "sessions.session", "pk": "nm498l3zag0thue6fsuaw2pnqnng98tj", "fields": {"session_data": ".eJxVjMsOwiAQRf-FtSEMFAZcuvcbCMNDqgaS0q6M_65NutDtPefcF_NhW6vfRl78nNiZATv9bhTiI7cdpHtot85jb-syE98VftDBrz3l5-Vw_w5qGPVbK11EEdbR5GQUxkhUwkFGHYrQNFkwUgJmQQkMaFCpoDQuksRoUQOw9werqTZL:1m7CEQ:5ACGpYnLiiJfFPnXet83GgjxCiNSlxYPVdnp5Bh0k7A", "expire_date": "2021-08-07T07:37:58.866Z"}}, {"model": "sessions.session", "pk": "xuqec7znq64bavszixy4i3cta9ash0uk", "fields": {"session_data": "e30:1m7B3M:xI6k9N93GYvWQ4pjsdtr9rJfh9uiw9bmKAbciGAPGiw", "expire_date": "2021-08-07T06:22:28.253Z"}}, {"model": "authtoken.token", "pk": "037c93ff05852390b136a2efc79289092de41fb8", "fields": {"user": 13, "created": "2021-07-23T23:48:01.210Z"}}, {"model": "authtoken.token", "pk": "0aa7c66f790b0c7f0b7f900f31845f8264221d65", "fields": {"user": 11, "created": "2021-07-23T23:46:27.621Z"}}, {"model": "authtoken.token", "pk": "0d70b092317dd4d3e11119d0a9ddfa8415d4f8ee", "fields": {"user": 14, "created": "2021-07-23T23:48:19.774Z"}}, {"model": "authtoken.token", "pk": "135e9d5377863467fc9931813c0a570b9c568752", "fields": {"user": 17, "created": "2021-07-23T23:54:49.395Z"}}, {"model": "authtoken.token", "pk": "25da6182947cc2052fdb649b6daeec567a82835d", "fields": {"user": 10, "created": "2021-07-23T14:06:18.912Z"}}, {"model": "authtoken.token", "pk": "381be2e5077190d0dcdffc543253f7391d899fc3", "fields": {"user": 8, "created": "2021-07-23T11:31:13.247Z"}}, {"model": "authtoken.token", "pk": "3a6b79c839f8bb2695f41e6d83a2634d33e6e50c", "fields": {"user": 1, "created": "2021-07-23T11:30:47.489Z"}}, {"model": "authtoken.token", "pk": "3fd5ce320b3544622ce24f07cc4e58e3e7095bd7", "fields": {"user": 2, "created": "2021-07-23T11:31:08.962Z"}}, {"model": "authtoken.token", "pk": "4d6e83a8137c4cbbd8ea1319db9e51d541d1dff3", "fields": {"user": 12, "created": "2021-07-23T23:47:23.857Z"}}, {"model": "authtoken.token", "pk": "5d2be21e8db18b7791102ecc6e498758d35be269", "fields": {"user": 7, "created": "2021-07-23T11:30:56.768Z"}}, {"model": "authtoken.token", "pk": "72d6719fca9d778ebcf5cb87db6f0a03b2d24c81", "fields": {"user": 4, "created": "2021-07-23T11:30:16.294Z"}}, {"model": "authtoken.token", "pk": "7c48b925094904fba0518fbe2c86022fc4ca36c0", "fields": {"user": 9, "created": "2021-07-23T13:27:39.599Z"}}, {"model": "authtoken.token", "pk": "84a16f0bf23d7dc8322d225ec5fd1d0136964c8d", "fields": {"user": 5, "created": "2021-07-23T11:31:04.201Z"}}, {"model": "authtoken.token", "pk": "9eb26694097c79425147c2f695a975ab9ce9556c", "fields": {"user": 3, "created": "2021-07-23T11:30:41.581Z"}}, {"model": "authtoken.token", "pk": "bd02872eae33bd8fa5e7a1340e8cbdc6692cc8cd", "fields": {"user": 15, "created": "2021-07-23T23:53:44.748Z"}}, {"model": "authtoken.token", "pk": "d2b6d6b16f03dbc3b73e608be3ca0223670c9afc", "fields": {"user": 16, "created": "2021-07-23T23:54:15.082Z"}}, {"model": "base.user", "pk": 1, "fields": {"password": "pbkdf2_sha256$260000$gjlza6FtGqgv4yk6syQbMP$jxKYVdRZw4RFeohOAgDC05tURcdBS2ofPcL35ONKikM=", "last_login": "2021-07-24T07:37:58.859Z", "is_superuser": true, "username": "bhawan", "is_staff": true, "is_active": true, "date_joined": "2021-07-23T05:04:03.252Z", "first_name": null, "last_name": null, "email": "dahalbhawan@gmail.com", "role": null, "last_logout": "2021-07-24T07:26:26.720Z", "groups": [], "user_permissions": []}}, {"model": "base.user", "pk": 2, "fields": {"password": "pbkdf2_sha256$260000$561JwXlFzrSWJiEWKS1QFL$xSbrtOu2ILqULhHRXehXRxx+xUS5CpIwuc3sSR2Mkp0=", "last_login": "2021-07-24T07:27:15.988Z", "is_superuser": false, "username": "player1", "is_staff": false, "is_active": true, "date_joined": "2021-07-23T06:10:20Z", "first_name": "Player1", "last_name": null, "email": "player1@email.com", "role": 1, "last_logout": "2021-07-24T07:43:09.566Z", "groups": [], "user_permissions": []}}, {"model": "base.user", "pk": 3, "fields": {"password": "pbkdf2_sha256$260000$v52mu52V8dwf80Plzzh49I$FtMdR+DAZTGyPs8UPjRaaP5k1UA9lj/3wVSaSn/lEAs=", "last_login": "2021-07-24T08:00:14.315Z", "is_superuser": false, "username": "player2", "is_staff": false, "is_active": true, "date_joined": "2021-07-23T06:19:00.048Z", "first_name": "Player2", "last_name": null, "email": "player2@email.com", "role": 1, "last_logout": "2021-07-24T08:01:11.724Z", "groups": [], "user_permissions": []}}, {"model": "base.user", "pk": 4, "fields": {"password": "pbkdf2_sha256$260000$NJhddHktSGogW3mqpIOiY0$aCDTa9JyBDOw8Iw2bGSXbUiAic2wCPr9fTE358St2JI=", "last_login": null, "is_superuser": false, "username": "coach1", "is_staff": false, "is_active": true, "date_joined": "2021-07-23T06:19:30.936Z", "first_name": "Coach1", "last_name": null, "email": "coach1@email.com", "role": 2, "last_logout": null, "groups": [], "user_permissions": []}}, {"model": "base.user", "pk": 5, "fields": {"password": "pbkdf2_sha256$260000$u6SZWRhuoUj1h7ixCgYR7M$RWrhesu3gkkrb7SlK26pkDSAWMYvheNeM7HMYRvG9e0=", "last_login": null, "is_superuser": false, "username": "player3", "is_staff": false, "is_active": true, "date_joined": "2021-07-23T10:20:12.701Z", "first_name": "Player3", "last_name": null, "email": "player3@email.com", "role": 1, "last_logout": null, "groups": [], "user_permissions": []}}, {"model": "base.user", "pk": 7, "fields": {"password": "pbkdf2_sha256$260000$VwMNLlBVbQWsoKZG2UEY10$oUNxpeCw/7tNA51B949jih8BEcAIf8ZnGGgCPamj9SE=", "last_login": null, "is_superuser": false, "username": "coach2", "is_staff": false, "is_active": true, "date_joined": "2021-07-23T10:30:37.268Z", "first_name": "Coach2", "last_name": null, "email": "coach2@email.com", "role": 2, "last_logout": null, "groups": [], "user_permissions": []}}, {"model": "base.user", "pk": 8, "fields": {"password": "pbkdf2_sha256$260000$X9efjlUKId37ws6nTaafKp$YgDUeIWKI+JOL3Ew/NHH3wSwSUu/qPUB2ispUuWmR80=", "last_login": null, "is_superuser": false, "username": "leagueadmin", "is_staff": false, "is_active": true, "date_joined": "2021-07-23T10:31:44.830Z", "first_name": "League Admin", "last_name": null, "email": "leagueadmin@email.com", "role": 3, "last_logout": null, "groups": [], "user_permissions": []}}, {"model": "base.user", "pk": 9, "fields": {"password": "pbkdf2_sha256$260000$Z3jJzfESt00NtJMbce1TZe$9shYLi84oP6wEYptXHUkb+GbIIQuqFuQLzAz3GBUFW8=", "last_login": null, "is_superuser": false, "username": "coach3", "is_staff": false, "is_active": true, "date_joined": "2021-07-23T13:11:54.467Z", "first_name": "Coach3", "last_name": null, "email": "coach3@email.com", "role": 2, "last_logout": null, "groups": [], "user_permissions": []}}, {"model": "base.user", "pk": 10, "fields": {"password": "pbkdf2_sha256$260000$NAuJa0sxdfAJAhS61rdd5l$WT/jc1xDebf2vtNjYnhGK85wTuM1/G2+u18sG4mcbHQ=", "last_login": null, "is_superuser": false, "username": "coach4", "is_staff": false, "is_active": true, "date_joined": "2021-07-23T14:05:35.789Z", "first_name": "Coach4", "last_name": null, "email": "coach4@email.com", "role": 2, "last_logout": null, "groups": [], "user_permissions": []}}, {"model": "base.user", "pk": 11, "fields": {"password": "pbkdf2_sha256$260000$PgcnqGbcvqzWEZCTPJBrMK$dNHQVP0rPzc1sbly1eR2Kq/HYW/RkymCOY+lbHK5aXQ=", "last_login": null, "is_superuser": false, "username": "player4", "is_staff": false, "is_active": true, "date_joined": "2021-07-23T23:46:27.548Z", "first_name": "Player4", "last_name": null, "email": "player4@email.com", "role": 1, "last_logout": null, "groups": [], "user_permissions": []}}, {"model": "base.user", "pk": 12, "fields": {"password": "pbkdf2_sha256$260000$y55P3G4ChisuoqW7BuwADN$Yt4MSr3WoyL2UCJcOR3U0jF6cJnrA7odlo5gWPCW6lA=", "last_login": null, "is_superuser": false, "username": "player5", "is_staff": false, "is_active": true, "date_joined": "2021-07-23T23:47:23.781Z", "first_name": "Player5", "last_name": null, "email": "player5@email.com", "role": 1, "last_logout": null, "groups": [], "user_permissions": []}}, {"model": "base.user", "pk": 13, "fields": {"password": "pbkdf2_sha256$260000$hPgwygFWK269soeUXpnDvX$kSfI4DegeMTiPlPcVbMUjs6GR6oBGaJNpw9mYzD6Kr8=", "last_login": null, "is_superuser": false, "username": "player6", "is_staff": false, "is_active": true, "date_joined": "2021-07-23T23:48:01.137Z", "first_name": "Player6", "last_name": null, "email": "player6@email.com", "role": 1, "last_logout": null, "groups": [], "user_permissions": []}}, {"model": "base.user", "pk": 14, "fields": {"password": "pbkdf2_sha256$260000$ho9fcPmqxogY0w58erisMp$VivJm+FI3/OR8fAOOVJMJ29x9oTjnWZzKma7I0mEgko=", "last_login": null, "is_superuser": false, "username": "player7", "is_staff": false, "is_active": true, "date_joined": "2021-07-23T23:48:19.700Z", "first_name": "Player7", "last_name": null, "email": "player7@email.com", "role": 1, "last_logout": null, "groups": [], "user_permissions": []}}, {"model": "base.user", "pk": 15, "fields": {"password": "pbkdf2_sha256$260000$kqZ49OoleYRgSsTsNux48d$OdrVhlgS7mAm//8ODkEfKWXVUkeNSwNyv7Ej5+E/7Mw=", "last_login": null, "is_superuser": false, "username": "player8", "is_staff": false, "is_active": true, "date_joined": "2021-07-23T23:53:44.675Z", "first_name": "Player8", "last_name": null, "email": "player8@email.com", "role": 1, "last_logout": null, "groups": [], "user_permissions": []}}, {"model": "base.user", "pk": 16, "fields": {"password": "pbkdf2_sha256$260000$V7W5VXQe1cGzz2T8MUdQVK$ukUUboJvbX9H81KL7/YfYVn/fBsg+Z1qwmotEggLGMA=", "last_login": null, "is_superuser": false, "username": "player9", "is_staff": false, "is_active": true, "date_joined": "2021-07-23T23:54:15.008Z", "first_name": "Player9", "last_name": null, "email": "player9@email.com", "role": 1, "last_logout": null, "groups": [], "user_permissions": []}}, {"model": "base.user", "pk": 17, "fields": {"password": "pbkdf2_sha256$260000$wvl1mVyxolbTI3BnAB4fLT$+gTYa8nxHDtj9oRKnobahQbDKDIhfxzv7pKm7AH7MJw=", "last_login": null, "is_superuser": false, "username": "player10", "is_staff": false, "is_active": true, "date_joined": "2021-07-23T23:54:49.322Z", "first_name": "Player10", "last_name": null, "email": "player10@email.com", "role": 1, "last_logout": null, "groups": [], "user_permissions": []}}, {"model": "base.usage", "pk": 5, "fields": {"user": 2, "login_times": 3, "usage_time": 0.4762321205555556}}, {"model": "base.usage", "pk": 6, "fields": {"user": 1, "login_times": 3, "usage_time": 0.0056660447222222216}}, {"model": "base.usage", "pk": 7, "fields": {"user": 3, "login_times": 2, "usage_time": 0.04235736694444445}}, {"model": "base.player", "pk": 1, "fields": {"user": 2, "height": "6.20", "average_score": "12.00", "number_of_caps": 15, "team": 1}}, {"model": "base.player", "pk": 2, "fields": {"user": 3, "height": "6.50", "average_score": "20.00", "number_of_caps": 25, "team": 1}}, {"model": "base.player", "pk": 3, "fields": {"user": 5, "height": null, "average_score": null, "number_of_caps": null, "team": null}}, {"model": "base.player", "pk": 4, "fields": {"user": 11, "height": null, "average_score": null, "number_of_caps": null, "team": null}}, {"model": "base.player", "pk": 5, "fields": {"user": 12, "height": null, "average_score": null, "number_of_caps": null, "team": null}}, {"model": "base.player", "pk": 6, "fields": {"user": 13, "height": null, "average_score": null, "number_of_caps": null, "team": null}}, {"model": "base.player", "pk": 7, "fields": {"user": 14, "height": null, "average_score": null, "number_of_caps": null, "team": null}}, {"model": "base.player", "pk": 8, "fields": {"user": 15, "height": null, "average_score": null, "number_of_caps": null, "team": null}}, {"model": "base.player", "pk": 9, "fields": {"user": 16, "height": null, "average_score": null, "number_of_caps": null, "team": null}}, {"model": "base.player", "pk": 10, "fields": {"user": 17, "height": null, "average_score": null, "number_of_caps": null, "team": null}}, {"model": "base.coach", "pk": 1, "fields": {"user": 4}}, {"model": "base.coach", "pk": 2, "fields": {"user": 7}}, {"model": "base.coach", "pk": 3, "fields": {"user": 9}}, {"model": "base.coach", "pk": 4, "fields": {"user": 10}}, {"model": "base.leagueadmin", "pk": 3, "fields": {"user": 8}}, {"model": "base.team", "pk": 1, "fields": {"name": "Team1", "coach": 1, "average_score": "10.00"}}]